ime,Sedež,Svetovni rang 2025,Tržna kapitalzicija Dec-25-2022 (Billion $),Svetovni rang Jan 2022,Tržna vrednost Jan 2022 (Billion $),Kategorija,Število zaposlenih,Letni dohodek (Million $),Neto dohodek (Million $)
APPLE,USA,1,2286,1,2825,Technology,164000,394330,99803
SAUDI ARABIAN OIL COMPANY (Saudi Aramco),Saudi Arabia,2,1841,3,1890,Energy,79800,400460,105380
MICROSOFT CORPORATION,USA,3,1780,2,2358,Technology,220000,198270,72738
ALPHABET,USA,4,1162,4,1820,Technology,190234,282840,59972
AMAZON.COM,USA,5,868,5,1649,eCommerce,1541000,513980,2722
BERKSHIRE HATHAWAY,USA,6,676,8,712,Financial Services,383000,234190,-22820
UNITEDHEALTH GROUP,USA,7,496,16,432,Healthcare,380000,322130,20120
JOHNSON &amp; JOHNSON,USA,8,464,14,458,Healthcare,155800,94940,17940
EXXON MOBIL CORPORATION,USA,9,448,29,292,Energy,62300,398670,55740
VISA,USA,10,436,13,472,Financial Services,26500,29310,14950
TENCENT,China,11,392,11,545,Communication Services,112771,87995,35320
TESLA,USA,12,389,6,1031,Electric Vehicles,127855,81462,12556
TAIWAN SEMICONDUCTOR MANUFACTURING COMPANY (TSMC),Taiwan,13,388,10,640,Technology,65152,55306,20783
WALMART,USA,14,388,20,402,Retail,2300000,611280,11680
J P MORGAN CHASE &amp; CO,USA,15,385,12,494,Financial Services,293723,128690,35890
NVIDIA CORPORATION,USA,16,374,9,679,Technology,26196,26974,4368
LVMH,France,17,364,18,409,Fashion and Luxury Goods,150000,70765,13264
PROCTER &amp; GAMBLE COMPANY,USA,18,362,21,394,Consumer Defensive,106000,80180,14460
ELI LILLY AND COMPANY,USA,19,350,39,248,Healthcare,39000,28541,6244
CHEVRON CORPORATION,USA,20,343,41,241,Energy,43846,235710,35460
MASTERCARD,USA,21,330,24,363,Digital Payment Solution Services,29900,2220,9900
HOME DEPOT,USA,22,325,17,411,Retail,518100,157400,17100
KWEICHOW MOUTAI,China,23,318,22,382,Consumer Defensive,29031,15929,7634
NESTLE AG,Switzerland,24,318,23,373,Consumer Defensive,275000,92575,17970
META PLATFORMS,USA,25,314,7,923,Communication Services,77805,116600,23200
SAMSUNG ELECTRONICS,South Korea,26,305,15,439,Technology,113753,229280,32180
NOVO NORDISK A/S,Denmark,27,302,50,231,Healthcare,55185,20838,7068
PFIZER,USA,28,291,27,313,Healthcare,83000,100330,31370
ABBVIE,USA,29,288,46,238,Healthcare,50000,58054,11782
MERCK &amp; CO,USA,30,284,59,203,Healthcare,69000,59280,14510
COCA-COLA COMPANY,USA,31,276,32,261,Consumer Defensive,82500,43000,9540
ROCHE HOLDING AG,Switzerland,32,261,25,356,Healthcare,103613,66757,14808
BANK OF AMERICA CORPORATION,USA,33,260,19,402,Financial Services,217000,107820,35770
PEPSICO,USA,34,251,42,241,Consumer Defensive,315000,86390,8910
BROADCOM,USA,35,231,34,256,Technology,20000,33203,11495
ALIBABA GROUP HOLDING,China,36,227,26,352,eCommerce,251462,124140,9016
ASML HOLDING,Netherlands,37,222,28,307,Technology,39086,20509,6760
ORACLE CORPORATION,USA,38,218,49,234,Technology,143000,42440,6710
THERMO FISHER SCIENTIFIC,USA,39,212,45,239,Healthcare,130000,44915,6950
ASTRAZENECA,UK,40,211,71,178,Healthcare,83500,37417,112
ICBC,China,41,206,36,253,Financial Services,434798,138160,51206
RELIANCE INDUSTRIES,India,42,206,54,221,Energy,342982,87614,7598
PROSUS,Netherlands,43,206,35,255,Communication Services,30413,6866,18733
COSTCO WHOLESALE CORPORATION,USA,44,205,47,238,Consumer Defensive,304000,226950,5840
TATA GROUP,India,44,,44,,,750000,103000,
SHELL PLC,Netherlands,45,202,70,182,Energy,86000,180640,-21680
MCDONALD&#039;S CORPORATION,USA,46,196,63,200,Consumer Cyclical,200000,23182,6177
NOVARTIS AG,Switzerland,47,195,61,201,Healthcare,101703,52877,24021
CISCO SYSTEMS,USA,48,195,33,258,Technology,83300,51550,11810
L&#039;OREAL,France,49,190,37,249,Consumer Defensive,87369,35580,5066
DANAHER CORPORATION,USA,50,189,58,211,Healthcare,81000,31471,7103
ABBOTT LABORATORIES,USA,51,189,43,240,Healthcare,115000,43653,6933
TOYOTA MOTOR CORPORATION,Japan,52,187,31,277,Automobile,372817,228980,20797
NIKE,USA,53,182,38,248,Consumer Cyclical,79100,46710,6040
T-MOBILE US,USA,54,174,101,137,Communication Services,71000,79571,2590
ACCENTURE,Ireland,55,168,48,235,Technology,738000,50533,5906
NEXTERA ENERGY,USA,56,167,75,170,Utilities,14900,20956,4147
HERMES INTERNATIONAL,France,57,163,73,172,Consumer Cyclical,17595,9898,2695
LINDE AG,UK,58,163,74,172,Basic Materials,65010,30793,3826
VERIZON COMMUNICATIONS,USA,59,161,52,228,Communication Services,117100,136830,21250
THE WALT DISNEY COMPANY,USA,60,160,30,287,Communication Services,220000,82720,3140
PHILIP MORRIS INTERNATIONAL,USA,61,158,87,154,Consumer Defensive,79800,31762,9024
ADOBE,USA,62,157,40,243,Technology,29239,17606,4756
TOTALENERGIES SE,France,63,157,98,138,Energy,101279,184630,16032
BHP GROUP,Australia,64,157,79,163,Basic Materials,79471,45066,21391
WELLS FARGO &amp; COMPANY,USA,65,156,56,218,Financial Services,238000,73780,12060
BRISTOL-MYERS SQUIBB COMPANY,USA,66,155,96,139,Healthcare,34300,46159,6327
UNITED PARCEL SERVICE (UPS),USA,67,153,66,190,Industries,536000,100340,11548
THE CHARLES SCHWAB CORPORATION,USA,68,153,72,173,Financial Services,35300,20762,6635
COMCAST CORPORATION,USA,69,152,51,229,Communication Services,186000,121420,5370
CHINA CONSTRUCTION BANK CORPORATION,China,70,151,69,182,Financial Services,349671,120930,44469
TEXAS INSTRUMENTS,USA,71,149,77,166,Technology,33000,20028,8749
RAYTHEON TECHNOLOGIES CORPORATION,USA,72,146,104,135,Industries,182000,67070,5190
CONOCOPHILLIPS COMPANY,USA,73,146,140,106,Energy,9500,78494,18620
MORGAN STANLEY,USA,74,146,68,187,Financial Services,82427,50210,10540
MEITUAN DIANPING,China,75,145,83,161,Consumer Cyclical,58390,28141,-3698
CHINA MOBILE,China,76,145,112,131,Communication Services,454332,133260,18247
TATA CONSULTANCY SERVICES (TCS),India,77,144,65,194,Technology,614795,24002,4797
HONEYWELL INTERNATIONAL,USA,78,144,89,149,Industries,97000,35466,4966
AGRICULTURAL BANK OF CHINA,China,79,141,81,161,Financial Services,459000,104700,35097
AMGEN,USA,80,141,113,128,Healthcare,25200,26323,6552
CONTEMPORARY AMPEREX TECHNOLOGY,China,81,141,64,197,Industries,33078,18970,2318
CHINA MERCHANTS BANK,China,82,132,62,200,Financial Services,90867,48553,17790
NETFLIX,USA,83,131,44,240,Communication Services,12800,31615,4491
CHRISTIAN DIOR,France,84,131,92,143,Consumer Cyclical,175647,70765,5450
ROYAL BANK OF CANADA,Canada,85,131,84,160,Financial Services,91427,35376,12230
AT&amp;T,USA,86,131,67,188,Telecom,160700,120740,-8720
AIA GROUP,Hong Kong,87,130,119,126,Financial Services,23000,47525,7427
DEERE &amp; COMPANY,USA,88,130,125,116,Industries,82200,51854,7131
SALESFORCE.COM,USA,89,129,53,225,Technology,79390,31352,208
UNILEVER GROUP,Netherlands,90,129,100,137,Consumer Defensive,148000,57793,6666
UNION PACIFIC CORPORATION,USA,91,129,78,164,Industries,33179,24870,6990
IBM,USA,92,128,123,121,Technology,288300,60530,1630
LOCKHEED MARTIN CORPORATION,USA,93,127,158,99,Industries,114000,65984,5732
PETROCHINA COMPANY,China,94,125,91,144,Energy,476223,380440,13413
CATERPILLAR,USA,95,125,122,121,Industries,109100,59427,6705
QUALCOMM,USA,96,124,60,202,Technology,51000,44200,12930
BANK OF CHINA,China,97,124,102,136,Financial Services,306322,76991,33270
HSBC HOLDINGS,UK,98,124,108,133,Financial Services,219199,63644,12607
CVS HEALTH CORPORATION,USA,99,123,99,138,Healthcare,300000,322470,4149
ELEVANCE HEALTH INC.,USA,100,123,,,Healthcare,102300,156600,6025
LOWE&#039;S COMPANIES,USA,101,122,76,169,Consumer Cyclical,300000,97059,6437
SANOFI,France,102,122,116,126,Healthcare,91573,43171,6858
SAP SE,Germany,103,121,80,163,Technology,111961,30682,5791
SCHWARZ GROUP,Germany,103,,103,,Retail,500000,123070,
CHINA LIFE INSURANCE COMPANY,China,104,120,133,110,Financial Services,104160,133170,8000
ANHEUSER-BUSCH INBEV,Belgium,105,120,134,110,Consumer Defensive,166632,54304,4669
PING AN INSURANCE (GROUP) COMPANY OF CHINA,China,106,119,88,150,Financial Services,362000,202290,15964
COMMONWEALTH BANK OF AUSTRALIA,Australia,107,119,118,126,Financial Services,49245,16562,7456
TORONTO-DOMINION BANK,Canada,108,118,90,144,Financial Services,94867,32501,10803
THE GOLDMAN SACHS GROUP,USA,109,117,109,133,Financial Services,48500,47365,10764
EQUINOR ASA,Norway,110,116,177,90,Energy,21926,88744,8562
RIO TINTO GROUP,UK,111,115,124,117,Basic Materials,45000,63495,21094
STARBUCKS CORPORATION,USA,112,113,117,126,Consumer Cyclical,402000,32250,3281
BOEING COMPANY,USA,113,113,115,127,Industries,156000,66600,-4930
YOUTUBE,USA,113,,113,,Social Media,,,
AMERICAN EXPRESS COMPANY,USA,114,110,105,135,Financial Services,77300,52862,7400
HDFC BANK,India,115,110,127,114,Financial Services,166890,12743,4825
S&amp;P GLOBAL,USA,116,108,137,108,Financial Services,39950,11181,3248
SIEMENS,Germany,117,108,97,139,Industries,311000,68616,6788
INTUIT,USA,118,108,82,161,Technology,17300,12726,2066
INTEL CORPORATION,USA,119,108,57,217,Technology,131900,63050,8010
GILEAD SCIENCES,USA,120,106,180,89,Healthcare,17000,27281,4592
PINDUODUO,China,121,106,247,70,Consumer Cyclical,7986,14759,1220
CHOCOLADEFABRIKEN LINDT &amp; SPRUNGLI AG,Switzerland,122,106,682,31,Consumer Defensive,14466,4874,521
BLACKROCK,USA,123,106,103,136,Financial Services,19800,17873,5178
BP P.L.C.,UK,124,106,161,98,Energy,70000,157740,7565
ADVANCED MICRO DEVICES (AMD),USA,125,105,85,159,Technology,25000,23601,1320
PROLOGIS,USA,126,105,128,114,Real Estate,2466,5973,3358
MEDTRONIC,Ireland,127,103,95,141,Healthcare,95000,31677,5038
DIAGEO,UK,128,102,120,123,Consumer Defensive,27000,18200,3827
CIGNA CORPORATION,USA,129,102,217,77,Healthcare,71300,180020,6668
WULIANGYE YIBIN,China,130,100,110,132,Consumer Defensive,26348,9635,3402
DEUTSCHE TELEKOM AG,Germany,131,100,169,92,Communication Services,333850,119890,4602
AUTOMATIC DATA PROCESSING (ADP),USA,132,100,154,101,Industries,60000,16046,2948
EDISON INTERNATIONAL,USA,133,100,850,25,Utilities,13388,17220,612
NTT DOCOMO,Japan,134,99,152,101,Communication Services,27558,34022,4677
AMERICAN TOWER CORPORATION (REIT),USA,135,99,121,121,Real Estate,6391,10711,1765
NIPPON TELEGRAPH AND TELEPHONE CORPORATION,Japan,136,99,151,102,Communication Services,333850,88706,8618
SONY CORPORATION,Japan,137,95,86,156,Technology,108900,72397,6437
KEYENCE CORPORATION,Japan,138,94,94,142,Technology,8380,5511,2214
AIRBUS,Netherlands,139,94,145,105,Industries,134267,57468,4643
INGRAM MICRO,USA,139,,139,,Logistics,26037,49100,
VANGUARD GROUP,USA,139,,139,,Asset Management,18800,6936,
CSL,Australia,140,93,162,97,Healthcare,30000,10493,2254
INTUITIVE SURGICAL,USA,141,93,126,116,Healthcare,12120,6222,1322
BYD COMPANY,China,142,93,168,92,Consumer Cyclical,224300,31453,443
STRYKER CORPORATION,USA,143,92,157,99,Healthcare,51000,18449,2358
ANTHEM,USA,143,,143,106,Healthcare,63900,,6104
THE TJX COMPANIES,USA,144,92,182,89,Consumer Cyclical,329000,49936,3498
MONDELEZ INTERNATIONAL,USA,145,92,167,94,Consumer Defensive,91000,31496,2717
KOCH INDUSTRIES,USA,145,,145,,Energy,122000,110000,
BYTEDANCE,China,145,,145,,Technology,60000,17000,
CHUBB,Switzerland,146,91,189,87,Financial Services,34000,40963,8539
BRITISH AMERICAN TOBACCO,UK,147,91,178,89,Consumer Defensive,50937,33620,8903
GENERAL ELECTRIC COMPANY,USA,148,89,130,111,Industries,172000,76550,-6000
JD.COM,China,149,88,141,106,Consumer Cyclical,314906,149500,-559
MITSUBISHI UFJ FINANCIAL GROUP,Japan,150,87,211,79,Financial Services,129700,38535,8470
ALLIANZ SE,Germany,151,87,148,103,Financial Services,159253,114040,7284
GLENCORE,Switzerland,152,86,243,71,Basic Materials,135000,203750,4974
ESTEE LAUDER COMPANIES,USA,153,86,114,128,Consumer Defensive,63000,17737,2390
CITI GROUP,USA,154,86,111,131,Financial Services,240000,75300,14840
ANALOG DEVICES,USA,155,83,183,89,Technology,24450,12013,2748
MERCK KGAA O.N.,Germany,156,83,150,103,Healthcare,64232,21695,3367
ALTRIA GROUP,USA,157,83,171,91,Consumer Defensive,6300,20688,5764
NORTHROP GRUMMAN CORPORATION,USA,158,82,285,63,Industries,95000,36602,4896
INDITEX (INDUSTRIA DE DISENO TEXTIL),Spain,159,82,159,99,Consumer Cyclical,164997,27708,3242
MARSH &amp; MCLENNAN COMPANIES,USA,160,82,200,83,Financial Services,85000,20720,3050
APPLIED MATERIALS,USA,161,82,107,134,Power Equipment,33000,25785,6525
CANADIAN NATIONAL RAILWAY COMPANY,Canada,162,82,186,87,Industries,23971,11564,3908
ESSILOR LUXOTTICA,France,163,81,181,89,Healthcare,151017,21842,1612
ROBERT BOSCH,Germany,163,,163,,Technology,400000,91686,
ENBRIDGE,Canada,164,80,201,82,Energy,11000,37600,4944
DUKE ENERGY CORPORATION,USA,165,79,206,80,Utilities,27859,28768,2444
REGENERON PHARMACEUTICALS,USA,166,79,279,65,Healthcare,11851,12172,4338
AL RAJHI BANKING AND INVESTMENT CORPORATION,Saudi Arabia,167,79,163,95,Financial Services,19964,6835,3931
PAYPAL HOLDINGS,USA,168,79,55,220,Financial Services,29900,27518,2419
THE SOUTHERN COMPANY,USA,169,78,232,73,Utilities,27700,29279,3524
SCHNEIDER ELECTRIC,France,170,78,138,107,Power Equipment,162339,31853,3531
VALE SA,Brazil,171,78,238,72,Basic Materials,64516,62990,26016
AUDI AG,Germany,171,,171,,Consumer Cyclical,90640,212870,
DELOITTE,UK,171,,171,,Business Services,300000,47600,
SERVICENOW,USA,172,77,129,113,Technology,20433,7245,325
EOG RESOURCES,USA,173,77,318,57,Energy,2850,29492,7759
MODERNA,USA,174,76,188,87,Healthcare,3900,18870,8360
CARGILL,USA,174,,174,,Agriculture Products,155000,114700,
BOOKING HOLDINGS,USA,175,76,155,100,Consumer Cyclical,21600,17090,3058
PROGRESSIVE CORPORATION,USA,176,76,281,64,Financial Services,55000,49586,694
ICICI BANK,India,177,75,228,73,Financial Services,130542,14545,3139
INFOSYS,India,178,75,149,103,Technology,343234,16311,2968
SCHLUMBERGER,USA,179,75,394,49,Energy,99000,28091,3441
CHINA SHENHUA ENERGY COMPANY,China,180,75,277,65,Energy,76182,52662,8107
AIR LIQUIDE,France,181,74,195,84,Basic Materials,67100,25714,2834
VERTEX PHARMACEUTICALS,USA,182,74,323,56,Healthcare,4500,8930,3322
HINDUSTAN UNILEVER,India,183,74,221,76,Consumer Defensive,21000,6528,1111
BECTON DICKINSON AND COMPANY,USA,184,72,233,72,Healthcare,77000,18870,1689
GLAXOSMITHKLINE,UK,185,72,132,110,Healthcare,70000,44655,5740
VOLKSWAGEN,Germany,186,72,106,134,Consumer Cyclical,668000,250120,14839
SWATCH GROUP AG,Switzerland,187,72,190,86,Consumer Cyclical,31444,7774,813
COMPAGNIE FINANCIERE RICHEMONT SA,Switzerland,188,71,194,85,Consumer Cyclical,35853,19915,2153
ZURICH INSURANCE GROUP AG,Switzerland,189,71,259,68,Financial Services,59400,65801,5203
IBERDROLA,Spain,190,71,236,72,Utilities,45000,43104,4281
CHINA PETROLEUM &amp; CHEMICAL CORPORATION (SINOPEC),China,191,71,215,78,Energy,384065,398860,10474
BNP PARIBAS,France,192,71,172,90,Financial Services,190000,0,10456
CANADIAN PACIFIC RAILWAY,Canada,193,70,245,70,Industries,12754,6386,2278
PRICEWATERHOUSECOOPERS,UK,193,,193,,Professional Services,295371,43000,
MERCEDEC BENZ GROUP AG,Germany,194,70,179,89,Consumer Cyclical,288481,203830,2773
AIR PRODUCTS AND CHEMICALS,USA,195,69,270,66,Basic Materials,21900,12698,2256
CHARTER COMMUNICATIONS,USA,196,68,135,109,Communication Services,101700,54022,5055
PETROLEO BRASILEIRO - PETROBRAS,Brazil,197,68,256,69,Energy,45149,97143,22891
SBERBANK OF RUSSIA,Russia,197,,197,84,Financial Services,285555,0,11256
SAUDI BASIC INDUSTRIES CORPORATION (SABIC),Saudi Arabia,198,68,165,94,Basic Materials,32000,46634,6151
ILLINOIS TOOL WORKS,USA,199,68,218,77,Industries,46000,15932,3034
ALLERGAN,Ireland,200,,200,,Healthcare,17400,16080,
GENERAL DYNAMICS CORPORATION,USA,200,68,307,59,Industries,106500,39407,3390
PUBLIX,USA,200,,200,,Retail,232000,38100,
HCA HEALTHCARE,USA,201,68,213,78,Healthcare,294000,60233,5643
ZOETIS,USA,202,68,156,100,Healthcare,13800,8080,2114
PT BANK CENTRAL ASIA TBK,Indonesia,203,67,269,66,Financial Services,26123,5425,2127
GAZPROM,Russia,204,67,136,108,Energy,473800,168300,34221
KDDI CORPORATION,Japan,205,67,257,68,Communication Services,48829,39745,4907
CHINA YANGTZE POWER,China,206,66,210,79,Utilities,4077,8098,3823
3M COMPANY,USA,207,66,147,104,Industries,92000,334230,5777
AXA,France,208,66,226,75,Financial Services,145000,111660,7098
COLGATE-PALMOLIVE COMPANY,USA,209,66,242,71,Consumer Defensive,33800,17967,1785
U.S. BANCORP,USA,210,66,173,90,Financial Services,77000,24184,5501
BOSTON SCIENTIFIC CORPORATION,USA,211,66,301,60,Healthcare,51000,12682,642
TARGET CORPORATION,USA,212,66,131,111,Consumer Defensive,440000,109120,2780
RELIANCE JIO,India,212,,212,,Telecom,,12184,1691
CHINA TOURISM GROUP DUTY FREE CORPORATION LIMITED,China,213,66,282,64,Consumer Cyclical,10780,5426,1400
CSX CORPORATION,USA,214,66,198,83,Industries,22500,14853,4166
WASTE MANAGEMENT,USA,215,65,260,68,Industries,49500,19698,2238
HUMANA,USA,216,65,414,47,Healthcare,67100,92870,2806
DBS GROUP HOLDINGS,Singapore,217,65,276,65,Financial Services,33000,10281,4937
WAL-MART DE MEXICO,Mexico,218,65,287,63,Consumer Defensive,239000,37060,2222
STATE BANK OF INDIA,India,219,64,310,59,Financial Services,245642,27958,4422
NATIONAL AUSTRALIA BANK,Australia,220,64,253,69,Financial Services,34944,11549,4397
FISERV,USA,221,64,237,72,Financial Services,41000,17737,2530
NONGFU SPRING,China,222,64,261,67,Beverages,,4321,1042
ROSNEFT OIL COMPANY,Russia,223,,223,75,Energy,315000,78849,7947
BANK OF MONTREAL,Canada,223,64,227,73,Financial Services,46722,20692,5775
SOFTBANK GROUP,Japan,224,63,202,81,Communication Services,59721,45399,-12463
SHERWIN-WILLIAMS COMPANY,USA,225,63,192,85,Basic Materials,64366,22148,2020
THE PNC FINANCIAL SERVICES GROUP,USA,226,63,164,95,Financial Services,61545,21114,5735
CNOOC LIMITED,China,227,62,393,49,Energy,18703,23007,3632
EATON CORPORATION,Ireland,228,62,262,67,Industries,92000,19628,2144
CME GROUP,USA,229,62,204,81,Financial Services,3460,5019,2657
AON,USA,230,62,292,62,Financial Services,50000,12479,2589
DAIICHI SANKYO COMPANY,Japan,231,62,499,41,Healthcare,16500,7625,489
CANADIAN NATURAL RESOURCES,Canada,232,62,331,56,Energy,10035,24010,6122
KERING,France,233,62,153,101,Consumer Cyclical,42637,19445,3499
FAST RETAILING,Japan,234,61,351,54,Consumer Cyclical,57600,17491,1393
EQUINIX,USA,235,61,249,70,Real Estate,12097,7263,704
ACTIVISION BLIZZARD,USA,236,59,387,50,Communication Services,13000,7528,1513
CROWN CASTLE INTERNATIONAL CORPORATION,USA,237,59,196,84,Real Estate,5000,6986,1675
VERBUND AG,Austria,238,59,332,56,Utilities,3435,4776,873
UBS GROUP AG,Switzerland,239,59,265,67,Financial Services,74022,0,7457
AMERICA MOVIL,Mexico,240,59,268,66,Communication Services,181205,43076,9870
HDFC,India,241,59,291,62,Financial Services,166890,12743,4825
BAYERISCHE MOTOREN WERKE (BMW),Germany,242,58,244,71,Consumer Cyclical,149475,111210,12378
BANK OF NOVA SCOTIA,Canada,243,58,184,88,Financial Services,90979,23771,7221
OCCIDENTAL PETROLEUM CORPORATION,USA,244,58,683,31,Energy,11973,36634,12421
PSBC (POSTAL SAVINGS BANK OF CHINA),China,245,58,209,79,Financial Services,194527,31817,10855
ERNST &amp; YOUNG,UK,245,,245,,Financial Services,312250,36400,
INTERCONTINENTAL EXCHANGE,USA,246,57,225,75,Financial Services,8911,9636,1446
NORFOLK SOUTHERN CORPORATION,USA,247,57,234,72,Industries,19300,12745,3270
NATIONAL COMMERCIAL BANK,Saudi Arabia,248,57,207,80,Financial Services,13334,,3378
METLIFE,USA,249,57,322,57,Financial Services,45000,69898,2354
NOVATEK,Russia,250,,250,69,Energy,16821,10411,3896
ABB,Switzerland,250,57,222,76,Industries,105130,28945,4546
TRUIST FINANCIAL CORPORATION,USA,251,57,187,87,Financial Services,51169,23035,5927
VINCI,France,252,56,299,61,Industries,265303,55080,2862
LAM RESEARCH CORPORATION,USA,253,56,166,94,Technology,17700,17227,4605
EMERSON ELECTRIC COMPANY,USA,254,56,321,57,Industries,85500,19629,3231
ATLAS COPCO AB,Sweden,255,55,214,78,Industries,41272,11646,1904
ENEL,Italy,256,55,208,80,Utilities,66438,94862,3117
ALDI,Germany,256,,256,,Retail,25000,62540,
INVESTOR AB (PUBL),Sweden,257,55,216,77,Financial Services,20054,5459,23947
DOLLAR GENERAL CORPORATION,USA,258,55,336,55,Consumer Defensive,158000,37844,2415
SIEMENS HEALTHINEERS AG,Germany,259,55,203,81,Healthcare,66000,19833,1904
HONG KONG EXCHANGES AND CLEARING (HKEX),Hong Kong,260,55,229,73,Financial Services,2372,2484,1599
SUMITOMO MITSUI FINANCIAL GROUP,Japan,261,55,392,49,Financial Services,101000,25639,5293
WESTPAC BANKING CORPORATION,Australia,262,55,320,57,Financial Services,40143,14552,3780
BLACKSTONE GROUP,USA,263,55,199,83,Financial Services,4695,7132,1747
SHENZHEN MINDRAY BIO-MEDICAL ELECTRONICS,China,264,55,289,62,Healthcare,9819,3677,1164
MICRON TECHNOLOGY,USA,265,55,142,106,Technology,48000,30758,8687
FOSHAN HAITIAN FLAVOURING AND FOOD COMPANY,China,266,55,235,72,Consumer Defensive,6058,3928,1048
BHARTI AIRTEL,India,267,55,366,52,Communication Services,48600,14588,533
FREEPORT-MCMORAN,USA,268,54,295,62,Basic Materials,25600,22780,3468
PIONEER NATURAL RESOURCES COMPANY,USA,269,54,400,49,Energy,2076,24384,7830
AMERICAN INTERNATIONAL GROUP (AIG),USA,270,54,384,50,Financial Services,26200,56539,10247
MCKESSON CORPORATION,USA,271,54,535,38,Healthcare,75000,263970,1114
THOMSON REUTERS CORPORATION,Canada,272,54,339,55,Industries,25200,4881,4373
MARATHON PETROLEUM CORPORATION,USA,273,54,455,44,Energy,17800,177450,14516
KLA CORPORATION,USA,274,53,284,63,Technology,14000,9211,3321
RELX,UK,275,53,311,59,Communication Services,35700,9482,1926
SAFRAN,France,276,53,345,54,Industries,77008,16677,47
WHATSAPP,USA,276,,276,,Technology,55,,
SOFTBANK CORP.,Japan,277,53,306,59,Communication Services,59721,41524,3776
MONSTER BEVERAGE CORPORATION,USA,278,53,388,50,Consumer Defensive,5296,6311,1191
CHINA TELECOM CORPORATION,China,279,53,319,57,Communication Services,281192,69054,4076
LIFE INSURANCE CORPORATION OF INDIA,India,280,53,207,,Insurance,114000,85803,572
MIDEA GROUP,China,281,52,191,85,Technology,149239,49966,4158
ANGLO AMERICAN,UK,282,52,303,59,Basic Materials,95000,41554,8562
O&#039;REILLY AUTOMOTIVE,USA,283,52,425,46,Consumer Cyclical,87745,14409,2172
ENTERPRISE PRODUCTS PARTNERS,USA,284,52,373,51,Energy,7130,58186,5487
ARCHER-DANIELS-MIDLAND COMPANY,USA,285,52,522,39,Consumer Defensive,38332,101850,4340
BROOKFIELD CORPORATION,Canada,286,52,,,Asset Management,200000,,
VMWARE,USA,287,52,381,51,Technology,38300,13350,1314
KEURIG DR PEPPER,USA,288,52,357,53,Consumer Defensive,28000,14057,1436
INDUSTRIAL BANK,China,289,51,267,66,Financial Services,60500,32492,12154
ADANI ENTERPRISES,India,290,51,840,25,Energy,2042,8675,97
MOODY&#039;S CORPORATION,USA,291,51,251,69,Financial Services,14426,5468,1374
ENI S.P.A.,Italy,292,51,364,52,Energy,32188,84380,6753
AIRBNB,USA,293,51,144,106,Internet or Mobile App Based Business,6811,8399,1893
SHIN-ETSU CHEMICAL,Japan,294,51,240,71,Basic Materials,24954,15137,3649
BAYER,Germany,295,51,344,54,Healthcare,101369,48577,1102
DOMINION ENERGY,USA,296,51,278,65,Utilities,17200,17174,901
PERNOD RICARD,France,297,51,300,60,Consumer Defensive,18915,8821,1305
RECRUIT HOLDINGS,Japan,298,50,175,90,Industries,49370,20955,2166
GENERAL MILLS,USA,299,50,486,41,Consumer Defensive,32500,18992,2707
RECKITT BENCKISER GROUP,UK,300,50,293,62,Consumer Defensive,40000,17323,-42
ITC,India,301,50,574,36,Consumer Defensive,36500,7520,1908
NINTENDO,Japan,302,50,343,55,Communication Services,6717,12371,3486
PUBLIC STORAGE,USA,303,50,290,62,Real Estate,5900,4182,4142
KRAFT HEINZ COMPANY,USA,304,50,431,46,Consumer Defensive,37000,26485,2363
PJSC LUKOIL,Russia,305,,305,59,Energy,101000,110010,9018
SHANXI XINGHUACUN FEN WINE FACTORY,China,305,50,324,56,Consumer Defensive,9276,2906,773
EDF (ELECTRICITE DE FRANCE),France,306,50,557,37,Utilities,12831,93076,5635
SEMPRA ENERGY,USA,307,50,449,44,Utilities,20000,14439,2094
BANCO SANTANDER,Spain,308,49,296,61,Financial Services,206462,0,8953
AMERICAN ELECTRIC POWER COMPANY,USA,309,49,439,45,Utilities,16974,19639,2307
UBER TECHNOLOGIES,USA,310,49,205,81,Technology,32800,31877,-9141
PHILLIPS 66,USA,311,49,576,36,Energy,13000,169990,11024
SYNOPSYS,USA,312,49,379,51,Technology,19000,5081,984
THE HERSHEY COMPANY,USA,313,48,506,40,Consumer Defensive,19865,10419,1644
HITACHI,Japan,314,48,326,56,Industries,397732,74901,4258
GENERAL MOTORS COMPANY,USA,315,48,174,90,Consumer Cyclical,167000,156740,8915
TAKEDA PHARMACEUTICAL COMPANY,Japan,316,48,468,43,Healthcare,47347,26043,1679
VALERO ENERGY CORPORATION,USA,317,48,627,33,Energy,9743,176380,11528
LONDON STOCK EXCHANGE GROUP,UK,318,48,352,54,Financial Services,24158,8823,4096
PACIFICORP,USA,319,48,338,55,Utilities,5700,5679,920
ANZ BANKING GROUP,Australia,320,48,317,57,Financial Services,39196,12519,4326
SAUDI TELECOM COMPANY (STC),Saudi Arabia,321,47,302,60,Communication Services,17000,16911,3016
MITSUBISHI CORPORATION,Japan,322,47,404,48,Industries,80728,125980,6841
PT BANK RAKYAT INDONESIA (PERSERO) TBK,Indonesia,323,47,450,44,Financial Services,78897,10409,2103
SOUTHERN COPPER CORPORATION,Mexico,324,47,389,50,Basic Materials,15018,10934,3397
ITAU UNIBANCO HOLDING,Brazil,325,47,524,39,Financial Services,99598,23879,5245
MARRIOTT INTERNATIONAL,USA,326,47,347,54,Consumer Cyclical,377000,20773,2358
BAJAJ FINANCE,India,327,47,294,62,Financial Services,26969,2522,880
HANGZHOU HIKVISION DIGITAL TECHNOLOGY,China,328,47,230,73,Technology,42685,11848,2445
NETEASE,China,329,47,263,67,Communication Services,28239,13763,2648
LUZHOU LAOJIAO,China,330,47,346,54,Consumer Defensive,3228,3004,1158
CINTAS CORPORATION,USA,331,46,488,41,Industries,43000,7854,1229
DASSAULT SYSTEMES,France,332,46,241,71,Technology,20496,5356,852
ITOCHU CORPORATION,Japan,333,46,429,46,Industries,115000,89705,5986
KIMBERLY-CLARK CORPORATION,USA,334,46,401,48,Consumer Defensive,44000,20175,1934
CENTENE CORPORATION,USA,335,46,445,45,Healthcare,74300,144550,1202
OPEN JOINT STOCK COMPANY OMZ,Russia,335,,335,55,Industries,,387,-77
STELLANTIS N.V,Netherlands,336,46,280,65,Automobile,272367,164660,15648
FIRST ABU DHABI BANK,UAE,337,,337,55,Banking Services,5451,,3411
TOKYO ELECTRON LIMITED,Japan,337,46,185,87,Technology,15140,14622,3189
MITSUI &amp; CO.,Japan,338,46,521,39,Conglomerate,44336,85795,6675
EDWARDS LIFESCIENCES CORPORATION,USA,339,46,220,76,Healthcare,17300,5382,1521
QATAR NATIONAL BANK,Qatar,340,46,371,51,Financial Services,28000,7632,3354
BANK OF COMMUNICATIONS,China,341,46,374,51,Financial Services,87828,39493,12874
DAIKIN INDUSTRIES,Japan,342,46,274,65,Industries,88000,22687,1589
FORD MOTOR COMPANY,USA,343,46,160,98,Consumer Cyclical,173000,158060,-1981
WOODSIDE ENERGY GROUP,Australia,344,46,1286,16,Energy,5000,6962,1983
ROPER TECHNOLOGIES,USA,345,46,399,49,Industries,15800,5371,4544
AUTOZONE,USA,346,46,483,42,Consumer Cyclical,112000,16252,2429
HON HAI PRECISION INDUSTRY,Taiwan,347,46,353,53,Technology,601276,206880,4808
ORIENTAL LAND,Japan,348,45,382,51,Consumer Cyclical,9094,2012,59
DEUTSCHE POST AG,Germany,349,45,212,78,Industries,600278,90085,5568
BASF SE,Germany,350,45,254,69,Basic Materials,111047,86615,6086
AMPHENOL CORPORATION,USA,351,45,395,49,Technology,91000,12623,1902
MUNCHENER RUCKVERSICHERUNGS-GESELLSCHAFT,Germany,352,45,463,43,Financial Services,39642,76540,3240
ING GROUP,Netherlands,353,45,325,56,Financial Services,57569,0,5264
SAMSUNG BIOLOGICS,South Korea,354,45,417,47,Healthcare,2730,1286,323
AFLAC,USA,355,45,490,41,Financial Services,12882,19502,4201
NATIONAL GRID TRANSCO,UK,356,45,361,52,Utilities,30756,21730,2771
SNOWFLAKE,USA,357,45,170,92,Technology,5884,2065,-796
FEDEX CORPORATION,USA,358,44,248,70,Industries,547000,93512,3819
IKEA,USA,358,,358,,Retail,211000,48734,
THE TRAVELERS COMPANIES,USA,359,44,497,41,Financial Services,32500,36884,2822
DSV PANALPINA,Denmark,359,,359,53,Industries,56000,26981,1658
ALIMENTATION COUCHE-TARD,Canada,360,44,476,42,Consumer Defensive,124000,62809,2683
CADENCE DESIGN SYSTEMS,USA,361,44,424,46,Technology,10200,3561,848
AMBEV,Brazil,362,44,500,41,Consumer Defensive,47108,15634,2719
AGILENT TECHNOLOGIES,USA,363,44,452,44,Healthcare,18100,6848,1254
MERCADOLIBRE,Argentina,364,44,342,55,Consumer Cyclical,40548,7069,83
JOHNSON CONTROLS INTERNATIONAL,USA,365,44,329,56,Industries,102000,25299,1532
ADYEN,Netherlands,366,44,224,75,Technology,1750,6606,517
LONGI GREEN ENERGY TECHNOLOGY,China,367,44,258,68,Technology,32873,11777,1322
HESS CORPORATION,USA,368,44,782,27,Energy,1623,11324,2223
UNIVERSAL MUSIC GROUP N.V.,Netherlands,369,44,,,Entertainment,9500,,
MACQUARIE GROUP,Australia,370,44,313,117,Financial Services,17209,4768,3258
KOTAK MAHINDRA BANK,India,371,43,383,50,Financial Services,71000,5793,1506
TOKIO MARINE HOLDINGS,Japan,372,43,496,41,Financial Services,43048,41970,3068
DEXCOM,USA,373,43,433,46,Healthcare,7600,2909,341
ADANI TOTAL GAS LIMITED,India,374,43,801,26,Utilities,,376,64
MOTOROLA SOLUTIONS,USA,375,43,473,43,Technology,20000,9112,1363
SHOPIFY,Canada,376,43,93,143,Technology,11600,4611,2914
CONSTELLATION BRANDS,USA,377,43,422,46,Consumer Defensive,10000,8820,-40
EXELON CORPORATION,USA,378,43,334,55,Utilities,19063,19078,2170
PALO ALTO NETWORKS,USA,379,43,362,52,Technology,12561,5501,-267
BIONTECH SE,Germany,380,43,369,51,Healthcare,4530,18970,10289
CHUGAI PHARMACEUTICAL,Japan,381,43,355,53,Healthcare,7664,8198,2485
SUNCOR ENERGY,Canada,382,42,527,39,Energy,16558,31259,3290
FORTESCUE METALS GROUP,Australia,383,42,440,45,Basic Materials,10164,22231,10295
CORTEVA,USA,384,42,587,35,Basic Materials,21000,17455,1147
INTESA SANPAOLO,Italy,385,42,349,54,Financial Services,105615,22427,4185
IHS MARKIT,UK,385,,385,50,Industries,16000,1860,-29
WORKDAY,USA,386,42,288,63,Technology,17700,6215,-366
BUDWEISER BREWING COMPANY APAC,Hong Kong,387,42,568,36,Consumer Defensive,28546,6788,950
PAYCHEX,USA,388,42,419,46,Industries,16000,4611,1392
FIRST GULF BANK,UAE,388,,388,,Banking Services,,,
SAUDI ARABIAN MINING COMPANY (MA&#039;ADEN),Saudi Arabia,389,42,803,26,Basic Materials,8000,7138,1394
SK HYNIX,South Korea,390,42,231,73,Technology,29008,35258,7874
REPUBLIC SERVICES,USA,391,41,474,42,Industries,35000,13511,1487
ECOLAB,USA,392,41,271,66,Basic Materials,47000,14187,1091
OVERSEA-CHINESE BANKING CORPORATION,Singapore,393,41,516,39,Financial Services,30809,7595,3491
DEVON ENERGY CORPORATION,USA,394,41,628,33,Energy,1800,19169,5958
NXP SEMICONDUCTORS,Netherlands,395,41,309,59,Technology,34500,11063,1871
COMPASS GROUP,UK,396,41,491,41,Consumer Cyclical,513707,23442,467
KINDER MORGAN,USA,397,41,518,39,Energy,10525,19200,2548
TC ENERGY CORPORATION,Canada,398,41,405,48,Energy,7477,10694,1562
AUTODESK,USA,399,41,315,58,Technology,12600,5005,823
WILLIAMS COMPANIES,USA,400,41,611,34,Energy,4783,10965,2046
REALTY INCOME CORPORATION,USA,401,40,505,40,Real Estate,384,3343,869
KKR &amp; CO,USA,402,40,502,41,Financial Services,4150,5721,-910
XILINX,USA,403,,403,48,Technology,4891,3160,793
S.F. HOLDING,China,403,40,358,53,Industries,121925,30150,621
BCE (Bell Canada Enterprises),Canada,404,40,408,47,Communication Services,44610,18731,2269
BIOGEN,USA,405,40,609,34,Healthcare,8725,10173,3046
EDEKA GROUP,Germany,405,,405,,Retail,402000,70615,
ENPHASE ENERGY,USA,406,40,1060,20,Technology,2821,2330,397
WANHUA CHEMICAL GROUP,China,407,40,380,51,Basic Materials,15392,22864,3872
PT BAYAN RESOURCES TBK,Indonesia,408,40,2804,6,Energy,2748,2852,1212
CITIC SECURITIES COMPANY,China,409,40,398,49,Financial Services,11380,11001,3361
ROSS STORES,USA,410,40,556,37,Consumer Cyclical,101000,18695,1512
MMC NORILSK NICKEL,Russia,411,,411,47,Basic Materials,75901,17852,6512
LULULEMON ATHLETICA,Canada,411,40,427,46,Consumer Cyclical,34000,4811,750
ARTHUR J. GALLAGHER,USA,412,40,607,34,Financial Services,44000,8550,1114
FIDELITY NATIONAL INFORMATION SERVICES,USA,413,40,239,72,Technology,69000,14528,-16720
INFINEON TECHNOLOGIES AG,Germany,414,40,304,59,Technology,56194,12188,1288
SYSCO CORPORATION,USA,415,40,487,41,Consumer Defensive,71000,68636,1358
SUN HUNG KAI PROPERTIES,Hong Kong,416,39,595,35,Real Estate,39500,10867,3401
L3HARRIS TECHNOLOGIES,USA,417,39,466,43,Industries,46000,17062,1062
CHIPOTLE MEXICAN GRILL,USA,418,39,441,45,Consumer Cyclical,104958,8634,899
TRANE TECHNOLOGIES PLC,Ireland,419,39,442,45,Industry Machinery,39000,14136,1423
NORDEA BANK ABP,Finland,420,39,390,50,Financial Services,30500,0,4222
XCEL ENERGY,USA,421,39,551,37,Utilities,11982,15310,1736
HONDA MOTOR,Japan,422,39,377,51,Consumer Cyclical,204035,106190,5159
CHENIERE ENERGY,USA,423,39,755,28,Energy,1550,33428,1428
A.P. MOLLER - MAERSK A/S,Denmark,424,39,255,69,Industries,110000,61787,17942
BAIDU,China,425,39,354,53,Communication Services,41000,19558,1607
SIMON PROPERTY GROUP,USA,426,39,356,53,Real Estate,3300,5291,2583
NUTRIEN,Canada,427,39,514,39,Basic Materials,24700,27712,3153
SPACEX,USA,427,,427,,Satellites,9500,2000,
STRIPE,USA,427,,427,,Digital Payment Solution Services,7802,,
FERRARI,Italy,428,38,286,63,Consumer Cyclical,4556,4706,915
MICROCHIP TECHNOLOGY,USA,429,38,436,45,Technology,21000,6820,1285
FORTINET,USA,430,38,368,51,Technology,12595,4417,857
UNITED OVERSEAS BANK,Singapore,431,38,594,35,Financial Services,24346,7103,2956
KUAISHOU TECHNOLOCY,China,432,38,546,38,Social Media,,11799,-11361
JAPAN TOBACCO,Japan,433,38,579,36,Consumer Defensive,58300,19064,2776
NEWMONT CORPORATION,USA,434,38,409,47,Basic Materials,14600,11915,-429
ORSTED A/S,Denmark,435,38,413,47,Utilities,6429,11496,1622
IQVIA HOLDINGS,USA,436,38,396,49,Healthcare,86000,14410,1091
DENSO CORPORATION,Japan,437,38,264,67,Consumer Cyclical,168391,40247,1926
MUYUAN FOODS,China,438,38,420,46,Consumer Defensive,50319,11480,1005
LLOYDS BANKING GROUP,UK,439,38,376,51,Financial Services,58000,0,7571
SEVEN &amp; I HOLDINGS,Japan,440,37,520,39,Consumer Defensive,58975,63847,1538
PARKER-HANNIFIN CORPORATION,USA,441,37,481,42,Industries,55090,15861,1315
AB VOLVO,Sweden,442,37,298,61,Industries,102155,39083,3443
TRAFIGURA,USA,442,,442,,Commodities Trading,8619,147000,1600
CANADIAN IMPERIAL BANK OF COMMERCE,Canada,443,37,328,56,Financial Services,50427,15348,4822
LINKEDIN,USA,443,,443,,Social Media,18000,6700,
MSCI,USA,444,37,434,46,Financial Services,4759,2248,870
CENOVUS ENERGY,Canada,445,37,751,28,Energy,5998,37030,469
ENERGY TRANSFER LP,USA,446,37,714,29,Energy,12565,89876,4330
ZIJIN MINING GROUP COMPANY,China,447,37,562,37,Basic Materials,36860,35364,2462
APOLLO GLOBAL MANAGEMENT,USA,448,37,485,41,Financial Services,2540,35511,897
PRUDENTIAL,UK,449,37,391,49,Financial Services,18687,26500,-2042
PRUDENTIAL FINANCIAL,USA,450,37,459,43,Financial Services,39854,60050,-1463
SIKA AG,Switzerland,451,37,333,56,Basic Materials,24848,9835,1113
ARISTA NETWORKS,USA,452,37,511,40,Technology,3612,4381,1352
SQUARE INC,USA,453,36,275,65,Technology,12428,17531,-540
YUM! BRANDS,USA,454,36,513,40,Consumer Cyclical,36000,6842,1325
E. I. DU PONT DE NEMOURS AND COMPANY,USA,455,36,2829,6,Basic Materials,23000,,
BANCO BILBAO VIZCAYA ARGENTARIA,Spain,456,36,482,42,Financial Services,115615,0,5128
ALLSTATE CORPORATION,USA,457,36,573,36,Financial Services,54500,51412,-1416
TE CONNECTIVITY,Switzerland,458,36,363,52,Technology,92000,14293,2261
THE BANK OF NEW YORK MELLON CORPORATION,USA,459,36,367,51,Financial Services,51700,16034,2362
JARDINE STRATEGIC HOLDINGS,Hong Kong,460,,460,,Industries,464000,38545,
LONZA GROUP,Switzerland,460,36,316,58,Healthcare,17500,5750,3129
HALEON PLC,,461,36,,,Healthcare,22000,,
PING AN BANK,China,462,36,360,52,Financial Services,38600,24898,5341
HAPAG-LLOYD,Germany,463,36,327,56,Industries,14106,24545,10000
EAST MONEY INFORMATION,China,464,36,341,55,Communication Services,4553,2057,1344
NESTE OYJ,Finland,465,36,519,39,Energy,5200,16693,1953
DOW Inc,USA,466,36,454,44,Basic Materials,37800,56902,4582
BOC HONG KONG,Hong Kong,467,36,544,38,Financial Services,14462,8291,2917
ANTA SPORTS PRODUCTS,China,468,36,548,37,Consumer Cyclical,41000,7749,1213
LARSEN &amp; TOUBRO,India,469,36,578,36,Industries,245677,19486,1085
LAS VEGAS SANDS CORP,USA,470,36,722,29,Consumer Cyclical,35700,4110,1832
HALLIBURTON COMPANY,USA,471,35,897,23,Energy,42172,20297,1572
ASIAN PAINTS,India,472,35,426,46,Basic Materials,7160,3623,379
MIZUHO FINANCIAL GROUP,Japan,473,35,610,34,Financial Services,52420,20291,3973
LG CHEM,South Korea,474,35,448,44,Basic Materials,12561,34977,3009
KUWAIT FINANCE HOUSE,Kuwait,475,35,901,23,Banking Services,16000,2648,778
JIANGSU YANGHE BREWERY JOINT-STOCK,China,476,35,525,39,Consumer Defensive,15026,3689,1092
WESFARMERS,Australia,477,35,406,48,Consumer Cyclical,122000,23397,1648
PACCAR,USA,478,35,644,32,Industries,31000,28819,3011
CARRIER GLOBAL,USA,479,35,443,45,Consumer Electronics,52000,20421,3534
NUCOR CORPORATION,USA,480,35,638,33,Basic Materials,31400,41512,7607
ENGIE,France,481,35,567,36,Utilities,171000,63768,4033
FIAT CHRYSLER AUTOMOBILES,UK,481,,481,,Consumer Cyclical,191752,127660,
ADANI GREEN ENERGY,India,482,35,705,30,Utilities,1340,642,47
CAPITAL ONE FINANCIAL CORPORATION,USA,483,35,272,66,Financial Services,55943,34250,7044
HOYA CORPORATION,Japan,484,35,370,51,Healthcare,37245,4891,1200
XIAOMI CORPORATION,China,485,35,312,58,Technology,33427,51577,3038
AXIS BANK,India,486,34,702,30,Financial Services,78300,6400,1765
AMERISOURCEBERGEN CORPORATION,USA,487,34,749,28,Healthcare,44000,238590,1698
WASTE CONNECTIONS,Canada,488,34,612,34,Industries,22109,6151,618
NASPERS,South Africa,489,34,639,33,Communication Services,35276,7940,12223
HILTON WORLDWIDE HOLDINGS,USA,490,34,475,42,Consumer Cyclical,159000,8773,1255
"BEIJING-SHANGHAI HIGH-SPEED RAILWAY CO.,LTD.",China,491,34,540,38,Industries,37,4264,701
MEDIATEK,Taiwan,492,34,283,63,Technology,17377,17191,3882
DUPONT DE NEMOURS,USA,493,34,467,43,Basic Materials,23000,13017,5868
PACIFIC GAS &amp; ELECTRIC CORPORATION,USA,494,34,757,27,Utilities,26000,21680,1800
"YIHAI KERRY ARAWANA HOLDINGS CO., LTD",China,495,34,330,56,Consumer Defensive,,35540,649
CUMMINS,USA,496,34,619,34,Industries,73600,28074,2151
CONSOLIDATED EDISON,USA,497,34,695,30,Utilities,14319,15670,1660
IDEXX LABORATORIES,USA,498,34,415,47,Healthcare,10780,3367,679
DANONE,Switzerland,499,34,498,41,Consumer Defensive,101911,26758,2120
HCL TECHNOLOGIES,India,500,34,412,47,Technology,210966,11295,1780
TRANSDIGM GROUP,USA,501,34,571,36,Industries,14400,5429,780
JIANGSU HENGRUI MEDICINE,China,502,34,375,51,Healthcare,24431,3770,659
ELECTRONIC ARTS,USA,503,34,550,37,Communication Services,12900,6991,789
MANULIFE FINANCIAL CORPORATION,Canada,504,34,517,39,Financial Services,40000,44676,5318
WALGREENS BOOTS ALLIANCE,USA,505,33,418,47,Healthcare,325000,132510,2542
ADANI TRANSMISSIONS,India,506,33,808,26,Utilities,11178,1372,122
ALCON,Switzerland,507,33,512,40,Healthcare,25000,8291,376
CONSTELLATION SOFTWARE,Canada,508,33,575,36,Technology,20500,5106,310
KROGER,USA,509,33,586,35,Consumer Defensive,465000,148260,2244
MPLX LP,USA,510,33,661,32,Energy,5811,10541,3815
AMERIPRISE FINANCIAL,USA,511,33,581,36,Financial Services,13500,14271,2559
OTIS WORLDWIDE CORPORATION,USA,512,33,572,36,Industries,69000,13685,1253
ATLASSIAN CORPORATION,Australia,513,33,219,77,Technology,8813,1940,-425
MTR CORPORATION,Hong Kong,514,33,615,34,Industries,34209,6023,1219
STMICROELECTRONICS,Switzerland,515,32,437,45,Technology,51370,13249,2077
CHINA RESOURCES LAND,China,516,32,629,33,Real Estate,38087,30866,4715
WUXI APPTEC,China,517,32,386,50,Healthcare,33305,3598,801
SAMSUNG SDI,South Korea,518,32,591,35,Technology,11107,11114,959
METTLER-TOLEDO INTERNATIONAL,USA,519,32,585,35,Healthcare,18000,3919,872
MURATA MANUFACTURING,Japan,520,32,378,51,Technology,77581,13226,2292
HAIER SMART HOME,China,521,32,461,43,Technology,99299,33114,1902
AMETEK,USA,522,32,632,33,Industries,20000,6150,1159
LUXSHARE PRECISION INDUSTRY,China,523,32,365,52,Technology,137284,22403,1029
ALEXION PHARMACEUTICALS,USA,523,,523,39,Healthcare,3837,4990,2404
BAE SYSTEMS,UK,524,32,877,24,Industries,90500,25553,2301
DEUTSCHE BORSE,Germany,525,32,694,30,Financial Services,11078,4899,1332
JAPAN POST BANK,Japan,526,32,566,36,Financial Services,245472,12895,2659
BROWN-FORMAN CORPORATION,USA,527,32,659,32,Consumer Defensive,5200,3933,838
MARVELL TECHNOLOGY GROUP,Bermuda,528,32,246,70,Technology,7448,4462,-421
OLD DOMINION FREIGHT LINE,USA,529,32,533,38,Industries,23471,6260,1377
AVENUE SUPERMARTS,India,530,32,492,41,Consumer Defensive,1567,3866,187
EXPERIAN,Ireland,531,31,472,43,Industries,21700,6288,1165
VICI PROPERTIES,USA,532,31,1143,18,Real Estate,23,2600,1117
HOLCIM LTD,Switzerland,533,31,651,32,Basic Materials,67409,28525,2443
DOLLAR TREE,USA,534,31,664,32,Consumer Defensive,193100,28331,1615
CREDIT AGRICOLE,France,535,31,421,46,Financial Services,73037,0,6440
HANG SENG BANK,Hong Kong,536,31,555,37,Financial Services,9680,6297,1773
TELSTRA CORPORATION,Australia,537,31,590,35,Communication Services,27015,14482,1169
WEG,Brazil,538,31,960,22,Industries,31497,5057,769
COSTAR GROUP,USA,539,31,733,28,Real Estate,4742,2182,369
BANCO BRADESCO,Brazil,540,31,599,35,Financial Services,108794,20076,4542
SINGAPORE TELECOMMUNICATIONS (SINGTEL),Singapore,541,31,742,28,Communication Services,25000,11018,1399
AIER EYE HOSPITAL GROUP,China,542,31,635,33,Healthcare,36000,2183,338
BARCLAYS PLC,UK,543,31,407,48,Financial Services,81000,0,9397
NATWEST GROUP,UK,544,31,545,38,Banking Services,57900,0,4278
WELLTOWER,USA,545,31,534,38,Real Estate,514,5860,141
D.R. HORTON,USA,546,31,613,34,Consumer Cyclical,11788,33480,5857
CAIXABANK,Spain,547,31,876,24,Financial Services,36597,0,5759
BARRICK GOLD CORPORATION,Canada,548,31,649,32,Basic Materials,23000,11985,2022
JD HEALTH INTERNATIONAL INC,China,549,31,899,23,Technology,10000,4820,-169
RESMED,USA,550,31,600,35,Healthcare,8160,3578,779
SBA COMMUNICATIONS CORPORATION,USA,551,31,542,38,Real Estate,1834,2633,461
PUBLIC SERVICE ENTERPRISE GROUP,USA,552,30,614,34,Utilities,12525,9800,1031
KEYSIGHT TECHNOLOGIES,USA,553,30,605,34,Technology,15000,5420,1124
AIRPORTS OF THAILAND,Thailand,554,30,813,26,Industries,7230,904,-2083
BLOOMBERG LP,USA,554,,554,,Media,24315,10000,
NASDAQ,USA,555,30,647,32,Financial Services,6377,6226,1125
CHINA CITIC BANK CORPORATION,China,556,30,660,32,Financial Services,59258,30035,8179
INNOGY SE,Germany,556,,556,,Utilities,34523,41374,
SHANGHAI PUDONG DEVELOPMENT BANK,China,557,30,509,40,Financial Services,58200,28038,7791
DNB ASA,Norway,558,30,563,37,Financial Services,9205,0,2734
MARUTI SUZUKI INDIA,India,559,30,654,32,Consumer Cyclical,15945,10661,486
WEC ENERGY GROUP,USA,560,30,690,31,Utilities,7022,9597,1408
NIDEC CORPORATION,Japan,561,30,273,65,Industries,117556,13997,999
ILLUMINA,USA,562,30,314,58,Healthcare,10200,4584,-4404
CHINA VANKE,China,563,30,515,39,Real Estate,140565,65892,3278
GREAT WALL MOTOR COMPANY,China,564,30,350,54,Consumer Cyclical,63174,19850,979
GLOBALFOUNDRIES INC.,USA,565,30,658,32,Semiconductors,14600,8108,1448
RWE,Germany,566,30,795,26,Utilities,18246,24519,721
PPG INDUSTRIES,USA,567,30,510,40,Basic Materials,52000,17652,1026
PT BANK MANDIRI (PERSERO) TBK,Indonesia,568,30,910,23,Financial Services,38176,6738,1898
CHINA PACIFIC INSURANCE GROUP (CPIC),China,569,30,529,39,Financial Services,111247,68415,3905
GRUPO MEXICO,Mexico,570,30,602,34,Basic Materials,30268,14776,3868
CRH PLC,Ireland,571,30,494,41,Basic Materials,73000,30981,2565
LOBLAW COMPANIES,Canada,572,29,768,27,Consumer Defensive,221000,42472,1498
ROCKWELL AUTOMATION,USA,573,29,537,38,Industries,26000,7760,929
JAPAN POST HOLDINGS,Japan,574,29,675,31,Financial Services,232112,82199,3661
CITIC,China,575,29,685,31,Industries,135304,114940,8918
EVERSOURCE ENERGY,USA,576,29,687,31,Utilities,9626,12289,1404
ONEOK,USA,577,29,746,28,Energy,2966,22386,1721
ALNYLAM PHARMACEUTICALS,USA,578,29,1156,18,Healthcare,2002,1037,-1131
WUXI BIOLOGICS (CAYMAN),China,579,29,456,44,Healthcare,5544,1617,532
BAKER HUGHES COMPANY,USA,580,29,924,23,Energy,55000,21156,-601
ACWA POWER COMPANY,Saudi Arabia,581,29,,,Power Generation,4000,,
BANK OF NINGBO,China,582,29,501,41,Financial Services,17337,7757,2873
HENKEL AG,Germany,583,29,577,36,Consumer Defensive,51950,22113,1802
FANUC CORPORATION,Japan,584,29,489,41,Industries,8256,5349,1133
DIGITAL REALTY TRUST,USA,585,29,432,46,Real Estate,3412,4691,336
SUN PHARMACEUTICAL INDUSTRIES,India,586,29,789,27,Healthcare,36000,4810,410
AHOLD DELHAIZE,Netherlands,587,29,593,35,Consumer Defensive,414000,83312,2474
PICC GROUP (PEOPLE&#039;S INSURANCE COMPANY (GROUP) OF CHINA),China,588,29,715,29,Financial Services,198951,93588,3374
COPART,USA,589,29,646,32,Industries,9500,3500,1090
CHINA OVERSEAS LAND AND INVESTMENT,Hong Kong,590,29,678,31,Real Estate,6200,35251,5843
BAJAJ FINSERV,India,591,29,541,38,Financial Services,105,8447,570
CONSTELLATION ENERGY CORPORATION,USA,592,29,1093,,Utilities,13370,,
COGNIZANT TECHNOLOGY SOLUTIONS,USA,593,29,428,46,Technology,355300,19428,2290
GALAXY ENTERTAINMENT GROUP,Hong Kong,594,29,928,23,Consumer Cyclical,22000,2513,169
FOMENTO ECONOMICO MEXICANOB. DE C.V. (FEMSA),Mexico,595,29,731,28,Consumer Defensive,230000,28008,1435
VESTAS WIND SYSTEMS A/S,Denmark,596,29,739,28,Industries,29378,17177,184
W.W. GRAINGER,USA,597,29,809,26,Industries,26000,15228,1537
HYUNDAI MOTOR COMPANY,South Korea,598,28,495,41,Consumer Cyclical,71504,96441,4053
INNER MONGOLIA YILI INDUSTRIAL GROUP,China,599,28,507,40,Consumer Defensive,59052,16094,1267
CHENIERE ENERGY PARTNERS,USA,600,28,970,22,Energy,1551,33428,1428
ASSICURAZIONI GENERALI,Italy,601,28,625,33,Financial Services,72644,92763,2846
STATE STREET CORPORATION,USA,602,28,554,37,Financial Services,42226,12148,2660
CAPGEMINI SE,France,603,28,526,39,Technology,358400,20012,1275
CHUNGHWA TELECOM,Taiwan,604,28,641,33,Communication Services,32029,7333,1246
GENMAB A/S,Denmark,605,28,883,24,Healthcare,1660,1255,445
SWISSCOM AG,Switzerland,606,28,724,29,Communication Services,19157,11888,1947
IMPERIAL OIL,Canada,607,28,786,27,Energy,5300,29961,1980
TRANSURBAN GROUP,Australia,608,28,723,29,Industries,12200,2358,13
SEA LIMITED,Singapore,609,28,146,104,Communication Services,63800,9955,-2046
DELL TECHNOLOGIES,USA,610,28,447,44,Technology,133000,102300,2442
HEXAGON AB (PUBL),Sweden,611,28,503,41,Technology,23196,4784,883
ASTELLAS PHARMA,Japan,612,28,707,30,Healthcare,14522,9458,905
SMC CORPORATION,Japan,613,28,462,43,Industries,21620,5308,1408
TELUS CORPORATION,Canada,614,28,657,32,Communication Services,108500,13450,1322
GIVAUDAN SA,Switzerland,615,28,423,46,Basic Materials,16670,7105,873
AMERICAN WATER WORKS COMPANY,USA,616,28,668,31,Utilities,6400,3792,820
SYDNEY AIRPORT,Australia,616,,616,34,Industries,596,591,-106
WOOLWORTHS GROUP,Australia,617,28,642,33,Consumer Defensive,215000,41916,5465
VODAFONE GROUP,UK,618,28,470,43,Communication Services,104000,53685,2459
UNICREDIT,Italy,619,28,580,36,Financial Services,90836,18591,1510
KUEHNE + NAGEL INTERNATIONAL AG,Switzerland,620,27,531,38,Industries,78000,34867,2160
VERISK ANALYTICS,USA,621,27,622,33,Industries,7000,2497,953
FASTENAL COMPANY,USA,622,27,597,35,Industries,22386,6980,1086
MOBILEYE GLOBAL INC.,Israel,623,27,,,Automobile,3500,,
SUN LIFE FINANCIAL,Canada,624,27,634,33,Financial Services,29169,29933,3473
SAMPO OYJ,Finland,625,27,744,28,Financial Services,13550,14823,2829
THALES,France,626,27,1099,19,Industries,80702,17844,1199
SWISS RE,Switzerland,627,27,710,30,Financial Services,13189,46001,1437
LYONDELLBASELL INDUSTRIES,Netherlands,628,27,643,32,Basic Materials,19200,46173,5617
ON SEMICONDUCTOR CORPORATION,USA,629,27,747,28,Technology,31000,8326,1902
CORNING,USA,630,27,645,32,Ceramic Products,57500,14189,1316
POLY DEVELOPMENTS AND HOLDINGS GROUP,China,631,27,696,30,Real Estate,56811,41474,3985
"COUPANG, INC.",South Korea,632,27,435,45,Internet or Mobile App Based Business,63000,18406,-1542
WOLTERS KLUWER,Netherlands,633,27,730,28,Communication Services,20451,5258,802
DISCOVER FINANCIAL SERVICES,USA,634,27,558,37,Financial Services,196159,13337,4304
TITAN COMPANY,India,635,27,691,31,Consumer Cyclical,7235,3597,272
ALBEMARLE CORPORATION,USA,636,27,753,28,Basic Materials,7400,7320,2689
ZIMMER BIOMET HOLDINGS,USA,637,27,784,27,Healthcare,18000,6939,231
KBC GROUP NV,Belgium,638,27,538,38,Financial Services,33916,0,2881
GARTNER,USA,639,27,853,25,Technology,19500,5475,807
NATIONAL BANK OF KUWAIT,Kuwait,640,27,889,24,Banking Services,6970,2948,1104
GE HEALTHCARE TECHNOLOGIES,USA,640,27,,,Healthcare,50000,,
INTERNATIONAL FLAVORS &amp; FRAGRANCES,USA,641,26,570,36,Basic Materials,3200,12440,-1868
KONE OYJ,Finland,642,26,560,37,Industries,63277,11586,1117
WILLIS TOWERS WATSON PUBLIC COMPANY,UK,643,26,725,29,Financial Services,46600,8998,4222
ORANGE S.A,France,644,26,736,28,Communication Services,136430,46859,256
GREE ELECTRIC APPLIANCES,China,645,26,552,37,Technology,88846,27599,3356
LENNAR CORPORATION,USA,646,26,676,31,Consumer Cyclical,12012,33671,4562
EVE ENERGY CO. LTD,China,647,26,672,31,Industries,,2459,423
FUJITSU,Japan,648,26,653,32,Technology,124216,26173,1333
HP INC,USA,649,26,480,42,Technology,58000,62983,3203
MALAYAN BANKING BERHAD,Malaysia,650,26,874,24,Financial Services,43000,5332,1813
SHENZHEN INOVANCE TECHNOLOGY,China,651,26,758,27,Industries,11216,2611,520
INSTAGRAM,USA,651,,651,,Social Media,450,,
GLOBAL PAYMENTS,USA,652,26,457,44,Industries,25000,8975,111
NOKIA CORPORATION,Finland,653,26,582,36,Technology,86896,24467,1789
FOXCONN INDUSTRIAL INTERNET,China,654,26,559,37,Technology,803126,69054,3143
FRANCO-NEVADA CORPORATION,Canada,655,26,864,24,Basic Materials,45,1300,733
SANDS CHINA,Macao,656,26,1147,18,Consumer Cyclical,24000,2874,-1048
FERGUSON,UK,657,26,532,38,Industries,34352,22792,1508
PTT PUBLIC COMPANY,Thailand,658,26,633,33,Energy,10875,67471,3237
DELTA ELECTRONICS (THAILAND) PUBLIC COMPANY,Thailand,659,26,1377,15,Industries,9451,2519,200
HORIZON THERAPEUTICS PUBLIC COMPANY,Ireland,660,26,940,22,Healthcare,2115,3226,534
BEIERSDORF,Germany,661,26,903,23,Consumer Defensive,21401,8405,703
INTACT FINANCIAL CORPORATION,Canada,662,26,912,23,Financial Services,29000,13549,1561
TWITTER,USA,663,,663,32,Communication Services,7500,5077,-221
NATURGY ENERGY GROUP,Spain,663,26,679,31,Utilities,7000,24398,1338
SAUDI ELECTRICITY COMPANY,Saudi Arabia,664,26,774,27,Utilities,32500,18490,3876
SHAANXI COAL INDUSTRY COMPANY,China,665,25,1118,18,Energy,29255,22158,3076
ASHTEAD GROUP,UK,666,25,561,37,Industries,17568,7962,1251
BAXTER INTERNATIONAL,USA,667,25,453,44,Healthcare,60000,15113,-2433
E.ON SE,Germany,668,25,596,35,Utilities,72169,77335,4690
WIPRO,India,669,25,348,54,Technology,247000,9900,1529
COCA-COLA EUROPACIFIC PARTNERS PLC,UK,670,25,797,26,Consumer Defensive,33000,15167,1082
COMPAGNIE DE SAINT-GOBAIN,France,671,25,530,38,Ceramic Products,170714,48664,2778
VEEVA SYSTEMS,USA,672,25,583,36,Healthcare,5482,2155,487
ZHANGZHOU PIENTZEHUANG PHARMACEUTICAL. LTD,China,673,25,549,37,Healthcare,,1167,354
M&amp;T BANK CORPORATION,USA,674,25,920,23,Financial Services,22808,8042,1891
HORMEL FOODS CORPORATION,USA,675,25,770,27,Consumer Defensive,20000,12458,999
DIAMONDBACK ENERGY,USA,676,25,950,22,Energy,972,9643,4386
GENUINE PARTS COMPANY,USA,677,25,1049,20,Consumer Cyclical,58000,22095,1182
T. ROWE PRICE GROUP,USA,678,25,451,44,Financial Services,7868,6488,1521
FORMOSA PETROCHEMICAL CORPORATION,Taiwan,679,25,618,34,Energy,13977,21603,1721
EQT AB (PUBL),Sweden,680,25,402,48,Financial Services,1160,150,86
APTIV,Ireland,681,25,430,46,Consumer Cyclical,160000,15618,590
ENBW ENERGIE BADEN-WURTTEMBERG AG,Germany,682,25,895,23,Utilities,23293,32138,363
COLOPLAST A/S,Denmark,683,25,601,35,Healthcare,12568,2875,714
KELLOGG COMPANY,USA,684,25,923,23,Consumer Defensive,30000,15315,960
UNITED RENTALS,USA,685,25,888,24,Industries,24700,11642,2105
BRIDGESTONE CORPORATION,Japan,686,25,684,31,Consumer Cyclical,135636,26618,3231
FLUTTER ENTERTAINMENT,Ireland,687,25,773,27,Consumer Cyclical,16813,7901,-543
ULTRATECH CEMENT,India,688,25,718,29,Basic Materials,22000,6472,919
SAIC MOTOR CORPORATION,China,689,25,543,38,Consumer Cyclical,204815,113160,3570
NARI TECHNOLOGY,China,690,25,656,32,Industries,8211,6172,821
SKANDINAVISKA ENSKILDA BANKEN AB (PUBL.),Sweden,691,24,693,31,Financial Services,16500,0,2669
TONGWEI,China,692,24,708,30,Consumer Defensive,23635,9239,1194
ADIDAS,Germany,693,24,340,55,Consumer Cyclical,62285,23400,2332
RIYAD BANK,Saudi Arabia,694,24,941,22,Financial Services,6147,3086,1606
SEMICONDUCTOR MANUFACTURING INTERNATIONAL CORPORATION,China,695,24,701,30,Technology,,5443,1701
CBRE GROUP,USA,696,24,592,35,Real Estate,115000,30828,1407
HARTFORD FINANCIAL SERVICES GROUP,USA,697,24,856,25,Financial Services,18800,22362,1794
ALEXANDRIA REAL ESTATE EQUITIES,USA,698,24,620,33,Real Estate,593,2588,513
SARTORIUS STEDIM BIOTECH,Germany,699,24,528,39,Healthcare,9016,3180,456
CDW CORPORATION,USA,700,24,775,27,Technology,9900,23748,1114
FIRSTENERGY,USA,701,24,887,24,Utilities,12335,12459,406
AGNICO EAGLE MINES,Canada,702,24,1589,12,Basic Materials,16105,3823,543
TRACTOR SUPPLY COMPANY,USA,703,24,814,26,Consumer Cyclical,49000,14204,1088
EQUIFAX,USA,704,24,640,33,Industries,14000,5122,696
ENTERGY CORPORATION,USA,705,24,930,23,Utilities,11707,13764,1103
CROWDSTRIKE HOLDINGS,USA,706,24,460,43,Technology,7273,2241,-183
NIBE INDUSTRIER AB (PUBL),Sweden,706,,706,30,Industries,18700,3237,349
PT TELEKOMUNIKASI INDONESIA TBK,Indonesia,707,24,727,29,Communication Services,23793,81,-21
ASSA ABLOY AB (PUBL),Sweden,708,24,623,33,Industries,52000,9976,1144
HANNOVER RUCK SE,Germany,709,24,884,24,Financial Services,3286,28844,1357
BEIGENE,China,710,24,898,23,Healthcare,5300,1176,-1413
CENTRAL JAPAN RAILWAY COMPANY,Japan,711,24,836,25,Industries,29603,6824,-379
DELTA ELECTRONICS,Taiwan,712,24,790,27,Technology,83000,10963,934
IMPERIAL BRANDS,UK,713,24,988,21,Consumer Defensive,28600,42923,3710
SEAGEN,USA,714,24,804,26,Healthcare,3256,1962,-610
AMADEUS IT GROUP,Spain,715,24,655,32,Technology,19000,2942,-156
SOCIEDAD QUIMICA Y MINERA DE CHILE,Chile,716,23,1411,14,Basic Materials,6081,2862,585
ARCH CAPITAL GROUP,Bermuda,717,23,1171,17,Financial Services,5200,8883,2156
CELLNEX TELECOM,Spain,718,23,608,34,Communication Services,2877,2437,-351
VULCAN MATERIALS COMPANY,USA,719,23,754,28,Basic Materials,12000,7315,575
YUM CHINA HOLDINGS,China,720,23,982,21,Consumer Cyclical,400000,9853,990
DAI-ICHI LIFE HOLDINGS,Japan,721,23,881,24,Financial Services,6230,57341,2987
ULTA BEAUTY,USA,722,23,972,21,Consumer Cyclical,53000,10208,1242
DEUTSCHE BANK,Germany,723,23,712,30,Financial Services,84930,25306,2001
WEYERHAEUSER COMPANY,USA,724,23,697,30,Real Estate,9214,10184,1880
NESTLE INDIA,India,725,23,821,26,Consumer Defensive,7649,1832,268
AMEREN CORPORATION,USA,726,23,922,23,Utilities,9244,7957,1074
OLYMPUS CORPORATION,Japan,727,23,738,28,Healthcare,31557,6340,845
RAYMOND JAMES FINANCIAL,USA,728,23,931,22,Financial Services,17000,10851,1502
PARTNERS GROUP HOLDING AG,Switzerland,729,23,504,41,Financial Services,1519,2688,1519
DATADOG,USA,730,23,444,45,Technology,4800,1675,-50
DTE ENERGY COMPANY,USA,731,23,900,23,Utilities,10250,19228,1080
CHINA RESOURCES BEER (HOLDINGS) COMPANY,Hong Kong,732,23,845,25,Consumer Defensive,27000,5245,721
FUBON FINANCIAL HOLDING,Taiwan,733,23,648,32,Financial Services,45174,16013,4777
NATIONAL BANK OF CANADA,Canada,734,23,788,27,Financial Services,26920,6847,2348
LI NING COMPANY,China,735,23,830,25,Consumer Cyclical,3625,185,33
AVALONBAY COMMUNITIES,USA,736,23,598,35,Real Estate,2947,2593,1136
UNICHARM CORPORATION,Japan,737,23,837,25,Consumer Defensive,16665,6418,597
ROGERS COMMUNICATIONS,Canada,738,23,851,25,Communication Services,22000,11706,1245
ANGLO AMERICAN PLATINUM,South Africa,739,23,671,31,Basic Materials,62000,14655,5394
SIRIUS XM HOLDINGS,USA,740,23,847,25,Communication Services,5869,9003,1217
FORTIVE CORPORATION,USA,741,23,819,26,Technology,18000,5825,755
CK HUTCHISON HOLDINGS,Hong Kong,742,23,811,26,Industries,172907,35794,4268
MERCADONA,USA,742,,742,,Retail,93300,,
AIR CHINA,China,743,23,1140,18,Industries,89373,10846,-2422
EMIRATES NBD,UAE,744,23,905,23,Banking Services,14000,6483,2368
COSCO SHIPPING HOLDINGS,China,745,23,458,44,Industries,26852,48560,12995
MCCORMICK &amp; COMPANY,USA,746,23,824,26,Consumer Defensive,14000,6350,682
SANDVIK AB,Sweden,747,23,588,35,Industries,40489,10406,1518
EQUITY RESIDENTIAL,USA,748,22,617,34,Real Estate,2400,2735,773
"CHINA THREE GORGES RENEWABLES (GROUP) CO.,LTD.",China,749,22,,,Solar Power,4420,,
HEINEKEN HOLDING,Netherlands,750,22,779,27,Consumer Defensive,84000,24179,1833
SLACK TECHNOLOGIES,USA,750,,750,28,Technology,2545,902,-300
CANON,Japan,751,22,831,25,Technology,25377,25637,1567
SSE PLC,UK,752,22,885,24,Utilities,10754,10139,3570
WARNER BROS. DISCOVERY INC,USA,753,22,1348,15,Communication Services,11000,33817,-7420
CK ASSET HOLDINGS,Hong Kong,754,22,908,23,Real Estate,58000,7923,2741
RESTAURANT BRANDS INTERNATIONAL LIMITED PARTNERSHIP,Canada,755,22,,,Restaurants,6400,,
FIFTH THIRD BANCORP,USA,756,22,621,33,Financial Services,19319,8295,2328
GRUPO FINANCIERO BANORTE,Mexico,757,22,996,21,Financial Services,27000,8113,1766
GOODMAN GROUP,Australia,758,22,637,33,Real Estate,1000,1417,2363
THE TRADE DESK,USA,759,22,539,38,Technology,2770,1577,53
TYSON FOODS,USA,760,22,630,33,Consumer Defensive,142000,53282,3238
INDUSTRIES QATAR,Qatar,761,22,787,27,Basic Materials,5700,3893,2222
CHINA UNITED NETWORK COMMUNICATIONS,Hong Kong,762,22,1068,19,Communication Services,254702,41785,804
PEUGEOT,France,762,,762,,Consumer Cyclical,209000,88183,
FIRST REPUBLIC BANK,USA,763,22,565,37,Financial Services,7213,5773,1507
STANDARD CHARTERED,UK,764,22,1022,20,Financial Services,85000,0,2315
TRIP.COM GROUP,China,765,22,1266,16,Consumer Cyclical,33400,3146,-86
EBAY,USA,766,22,484,42,Consumer Cyclical,11600,9795,-1269
KANSAS CITY SOUTHERN,USA,766,,766,27,Industries,7082,2632,616
ARCELORMITTAL,Luxembourg,767,22,662,32,Basic Materials,154352,76571,14956
PPL CORPORATION,USA,768,22,925,23,Utilities,6700,7902,755
CNH INDUSTRIAL,UK,769,22,961,22,Industries,40070,19474,1740
REPSOL,Spain,770,22,1133,18,Energy,23810,54819,2754
WEBANK,China,770,,770,,Technology,,,
DSM,Netherlands,771,22,553,37,Basic Materials,29000,9201,1670
CERNER CORPORATION,USA,772,,772,27,Healthcare,26400,5505,780
VERISIGN,USA,772,22,798,26,Technology,917,1424,673
CHINA EVERBRIGHT BANK COMPANY,China,773,22,769,27,Financial Services,46316,22468,6381
ONGC,India,774,21,796,26,Energy,30105,61473,5698
EDP RENOVAVEIS,Spain,775,21,979,21,Utilities,2730,1936,722
SOUTHWEST AIRLINES,USA,776,21,781,27,Industries,66100,23814,561
LEGRAND SA,France,777,21,681,31,Industries,37931,7707,996
ZTO EXPRESS (CAYMAN),China,778,21,913,23,Industries,,4777,747
JSW STEEL,India,779,21,968,22,Basic Materials,13128,18003,2587
PICC PROPERTY AND CASUALTY COMPANY,China,780,21,1041,20,Financial Services,,60812,3254
GREAT-WEST LIFECO,Canada,781,21,735,28,Financial Services,24500,51391,2847
SUNGROW POWER SUPPLY,China,782,21,704,30,Industries,,3512,230
EAST JAPAN RAILWAY COMPANY,Japan,783,21,939,22,Industries,71812,14441,-693
MITSUBISHI ELECTRIC CORPORATION,Japan,784,21,748,28,Industries,145696,32667,1485
DELTA AIR LINES,USA,785,21,794,27,Industries,95000,50582,1318
INGERSOLL-RAND (IRELAND),Ireland,786,21,871,24,Industries,17000,5150,562
SHANGHAI INTERNATIONAL AIRPORT,China,787,21,1339,15,Industries,8389,542,-249
HEICO CORPORATION,USA,788,21,1091,19,Industries,6500,2208,351
MARTIN MARIETTA MATERIALS,USA,789,21,785,27,Basic Materials,9400,6160,856
YANZHOU COAL MINING COMPANY,China,790,21,1380,15,Energy,63869,22118,2392
FLIPKART,India,790,,790,,eCommerce,30000,,
CARDINAL HEALTH,USA,791,21,1321,15,Healthcare,46500,181360,-933
EPIROC AB (PUBL),Sweden,792,21,720,29,Industries,13840,4163,741
TENARIS,Luxembourg,793,21,1501,13,Energy,19399,6521,1100
SUMITOMO CORPORATION,Japan,794,21,1115,18,Industries,74253,40097,3384
TERUMO CORPORATION,Japan,795,21,717,29,Healthcare,28294,5132,648
PRINCIPAL FINANCIAL GROUP,USA,796,21,1027,20,Financial Services,19300,17491,4811
ALLEGRO,Poland,796,,796,,eCommerce,2100,1042,191
KOMATSU,Japan,797,21,886,24,Industries,61564,20449,1641
ANHUI CONCH CEMENT COMPANY,China,798,21,606,34,Basic Materials,47486,26385,5231
ARGENX SE,Netherlands,799,21,1257,16,Healthcare,843,497,-408
FIRSTRAND,South Africa,800,21,927,23,Financial Services,49233,6457,1592
NAVER CORPORATION,South Korea,801,21,477,42,Communication Services,4076,5590,13522
JD DIGITS,China,801,,801,,Financial Services,,139880,-523
TELEFONICA SA,Spain,802,21,833,25,Communication Services,103651,43283,8967
TECHTRONIC INDUSTRIES COMPANY,Hong Kong,803,21,603,34,Industries,51426,13203,1099
ANSYS,USA,804,21,666,32,Technology,5600,2065,523
"SHANGHAI UNITED IMAGING HEALTHCARE CO., LTD.",China,805,21,,,Healthcare,5000,,
ECOPETROL,Colombia,806,21,756,27,Energy,18903,24404,4441
QUANTA SERVICES,USA,807,21,1330,15,Industries,47300,17073,491
WATERS CORPORATION,USA,808,21,986,21,Healthcare,8200,2971,707
SAUDI BRITISH BANK,Saudi Arabia,809,21,1094,19,Financial Services,5288,2118,854
LABORATORY CORPORATION OF AMERICA HOLDINGS,USA,810,21,760,27,Healthcare,80000,14876,1279
KLABIN,Brazil,811,20,848,25,Basic Materials,7000,3537,648
CGI,Canada,812,20,1018,20,Technology,90000,9686,1094
EVOLUTION GAMING GROUP AB (PUBL),Sweden,813,20,741,28,Consumer Cyclical,5054,1177,667
FUJIFILM HOLDINGS CORPORATION,Japan,814,20,698,30,Industries,75474,18431,1541
INSULET CORPORATION,USA,815,20,1180,17,Healthcare,2600,1305,4
NTT DATA CORPORATION,Japan,816,20,745,28,Technology,110700,18621,1043
BANCO SANTANDER BRASIL SA,Brazil,817,20,1025,20,Financial Services,52603,9550,1477
HUNTINGTON BANCSHARES,USA,818,20,844,25,Financial Services,25693,7254,2125
UPM-KYMMENE OYJ,Finland,819,20,994,21,Basic Materials,17236,10815,1417
HEWLETT PACKARD ENTERPRISE COMPANY,USA,820,20,943,22,Technology,60200,28496,868
SM INVESTMENTS CORPORATION,Philippines,821,20,917,23,Conglomerate,157288,7151,686
MICHELIN,France,822,20,680,31,Consumer Cyclical,132200,26222,2032
TESCO,UK,823,20,699,30,Consumer Defensive,354744,72299,1744
CHINA MINSHENG BANKING,China,824,20,825,26,Financial Services,59262,24814,5054
CHURCH &amp; DWIGHT,USA,825,20,817,26,Consumer Defensive,5250,5375,413
ATLANTIA,Italy,826,20,1296,16,Industries,30745,7043,690
DR. SULAIMAN AL HABIB MEDICAL SERVICES GROUP COMPANY,Saudi Arabia,827,20,1344,15,Healthcare,,1933,367
CHOW TAI FOOK JEWELLERY GROUP,Hong Kong,828,20,1267,16,Consumer Cyclical,27900,12610,855
ENDESA,Spain,829,20,894,23,Utilities,1244,23031,1581
SOCIETE GENERALE,France,830,20,673,31,Financial Services,117576,0,6216
RESTAURANT BRANDS INTERNATIONAL,Canada,831,20,1121,18,Consumer Cyclical,6300,5739,838
CONTURA ENERGY,USA,832,20,1165,18,Energy,981,,
REGIONS FINANCIAL CORPORATION,USA,833,20,878,24,Financial Services,20073,7165,2146
AKER BP ASA,Norway,834,20,1657,12,Energy,2400,5639,850
COMPANHIA PARANAENSE DE ENERGIA - COPEL,Brazil,835,20,1399,14,Utilities,6613,-753,1063
MARUBENI CORPORATION,Japan,836,20,1209,17,Industries,4610,62087,3096
EDP - ENERGIAS DE PORTUGAL,Portugal,837,20,1017,20,Utilities,12236,16511,724
XYLEM,USA,838,20,1000,21,Industries,17800,5522,355
SVENSKA HANDELSBANKEN AB (PUBL),Sweden,839,20,947,22,Financial Services,22000,0,2050
GANFENG LITHIUM,China,840,20,759,27,Basic Materials,5500,1624,761
SANY HEAVY INDUSTRY CO. LTD,China,841,20,631,33,Industries,24586,15552,1751
PANASONIC CORPORATION,Japan,842,20,793,27,Technology,240198,53916,1863
DOORDASH,USA,843,20,438,45,Online Food Delivery,16800,6583,-1365
EXTRA SPACE STORAGE,USA,844,20,743,28,Real Estate,4781,1924,859
GRUPO BIMBO,Mexico,845,20,1424,14,Consumer Defensive,137000,17566,801
ERICSSON,Sweden,846,20,547,38,Technology,101322,24393,2383
KIA MOTORS CORPORATION,South Korea,847,20,719,29,Consumer Cyclical,51975,57287,3904
TECK RESOURCES,Canada,848,20,1251,16,Basic Materials,12100,10769,2291
CHINA UNICOM (HONG KONG),China,849,20,1283,16,Communication Services,254702,47710,2091
SCHINDLER HOLDING AG,Switzerland,850,20,740,28,Industries,66674,11944,880
CHINA INTERNATIONAL CAPITAL CORPORATION,China,851,20,780,27,Financial Services,9372,5407,1132
ADANI PORTS AND SPECIAL ECONOMIC ZONE,India,852,20,1035,20,Industries,2600,1977,592
MOLINA HEALTHCARE,USA,853,20,1199,17,Healthcare,15000,31974,792
PTT EXPLORATION AND PRODUCTION PUBLIC COMPANY,Thailand,854,20,1381,15,Energy,4496,6544,1161
CHONGQING ZHIFEI BIOLOGICAL PRODUCTS,China,855,20,729,29,Healthcare,2972,4461,1485
W. R. BERKLEY CORPORATION,USA,856,19,1357,15,Financial Services,8186,11217,1381
BANCO DO BRASIL,Brazil,857,19,1391,14,Financial Services,91673,19116,3837
CRRC CORPORATION,China,858,19,823,26,Industries,164177,35462,1618
LONGFOR GROUP HOLDINGS,China,859,19,677,31,Real Estate,26316,35092,3747
NTPC,India,860,19,1169,17,Utilities,15786,16493,2087
FORTIS,Canada,861,19,951,22,Utilities,9200,7547,1034
PUBLIC BANK BERHAD,Malaysia,862,19,1071,19,Banking Services,18721,2808,1266
BIOMARIN PHARMACEUTICAL,USA,863,19,1308,15,Healthcare,3082,2096,141
CENTRAIS ELETRICAS BRASILEIRAS - ELETROBRAS,Brazil,864,19,2141,8,Utilities,12160,8008,1202
TEXAS PACIFIC LAND TRUST,USA,865,19,1926,10,Energy,94,667,446
CENTERPOINT ENERGY,USA,866,19,1173,17,Utilities,8986,9321,1008
ZOOM VIDEO COMMUNICATIONS,USA,867,19,372,51,Communication Services,8484,4392,103
CARLSBERG A/S,Denmark,868,19,859,24,Consumer Defensive,39000,9862,1013
WILMAR INTERNATIONAL,Singapore,869,19,1030,20,Consumer Defensive,100000,65793,1890
CITIZENS FINANCIAL GROUP,USA,870,19,902,23,Financial Services,18889,8021,1960
AES CORPORATION,USA,871,19,1317,15,Utilities,9100,12617,-546
CAPITAL GROUP,USA,871,,871,,,7500,,
AENA S.M.E,Spain,872,19,854,25,Industries,9061,2554,-66
FERROVIAL,Spain,873,19,958,22,Industries,18515,7469,1319
SWEDBANK AB (PUBL),Sweden,874,19,918,23,Financial Services,16803,0,2191
ORIX CORPORATION,Japan,875,19,832,25,Financial Services,32235,11494,2278
Z HOLDINGS CORPORATION,Japan,876,19,478,42,Consumer Cyclical,12874,11437,564
NEXON,Japan,877,19,1203,17,Communication Services,6288,2251,942
CHINA TOWER CORPORATION,China,878,19,1002,21,Communication Services,23300,13603,1151
DOVER CORPORATION,USA,879,19,800,26,Industries,25000,8508,1065
CHINA RAILWAY GROUP,China,880,19,937,22,Industries,290000,168600,4338
EISAI,Japan,881,19,1258,16,Healthcare,10998,5518,350
PEMBINA PIPELINE CORPORATION,Canada,882,19,1184,17,Energy,2669,6891,992
CELLTRION,South Korea,883,19,985,21,Healthcare,2111,1568,472
EPAM SYSTEMS,USA,884,19,667,32,Technology,59250,4824,419
CONAGRA BRANDS,USA,885,19,1217,17,Consumer Defensive,18000,11535,888
KE HOLDINGS INC.,China,886,19,860,24,Real Estate,119658,12686,-82
MAHINDRA &amp; MAHINDRA,India,887,19,1455,14,Consumer Cyclical,140619,11172,823
HOLOGIC,USA,888,19,1159,18,Healthcare,6944,4862,1302
ANTOFAGASTA,UK,889,19,1134,18,Basic Materials,23248,7470,1290
BOE TECHNOLOGY GROUP COMPANY,China,890,19,689,31,Technology,65017,31914,3759
KAO CORPORATION,Japan,891,18,858,25,Consumer Defensive,33603,11634,899
CMS ENERGY CORPORATION,USA,892,18,1095,19,Utilities,9073,8596,827
VONOVIA SE,Germany,893,18,479,42,Real Estate,15871,3622,2640
TELEDYNE TECHNOLOGIES,USA,894,18,1052,20,Technology,14700,5458,788
J.B. HUNT TRANSPORT SERVICES,USA,895,18,992,21,Industries,37151,14813,969
NORTHERN TRUST CORPORATION,USA,896,18,776,27,Financial Services,25000,6761,1282
NIPPON PAINT HOLDINGS,Japan,897,18,829,25,Basic Materials,33000,9085,606
WARNER MUSIC GROUP CORP.,USA,898,18,1010,21,Communication Services,6200,5919,551
NIO INC,China,899,18,416,47,Consumer Cyclical,7763,5677,-1661
PAYCOM SOFTWARE,USA,900,18,975,21,Technology,6300,1375,281
LI AUTO INC,China,901,18,688,31,Consumer Cyclical,4181,4243,-50
SHISEIDO COMPANY,Japan,902,18,955,22,Consumer Defensive,39035,8488,348
GEORGE WESTON,Canada,903,18,1204,17,Consumer Defensive,221285,42934,344
VIACOM CBS,USA,904,,904,23,Communication Services,22965,27810,3308
INVITATION HOMES,USA,904,18,826,26,Real Estate,1511,2238,382
ROLLINS,USA,905,18,1224,17,Consumer Cyclical,17000,2695,368
ESSITY AB (PUBL),Sweden,906,18,929,23,Consumer Defensive,48000,12796,905
WABTEC CORPORATION,USA,907,18,1153,18,Industries,27000,8362,633
M3 Inc,Japan,908,18,703,30,Healthcare,7127,1519,466
SAUDI ARABIAN FERTILIZERS COMPANY,Saudi Arabia,909,18,981,21,Basic Materials,,7138,1394
NU HOLDINGS LTD.,Brazil,910,18,464,43,Financial Services,,1698,-164
LEGAL &amp; GENERAL GROUP,UK,911,18,842,25,Financial Services,13876,58239,2683
KAKAO,South Korea,912,18,569,36,Communication Services,2837,5032,1142
VENTAS,USA,913,18,974,21,Real Estate,434,4129,-47
DUKE REALTY CORPORATION,USA,914,,914,23,Real Estate,340,1105,852
STERIS,Ireland,914,18,891,23,Healthcare,16422,4584,243
WHEATON PRECIOUS METALS,Canada,915,18,1174,17,Basic Materials,41,1201,754
NAN YA PLASTICS CORPORATION,Taiwan,916,18,846,25,Basic Materials,11697,14343,2832
JA SOLAR TECHNOLOGY,China,917,18,984,21,Technology,25183,6010,297
INCYTE CORPORATION,USA,918,18,1253,16,Healthcare,2324,3394,340
CHINA MENGNIU DAIRY COMPANY,Hong Kong,919,18,896,23,Consumer Defensive,43397,12826,731
AEON CO LTD,Japan,920,18,1055,20,Retail,560000,63600,47
MID-AMERICA APARTMENT COMMUNITIES,USA,921,18,843,25,Real Estate,2387,2019,633
BAOSHAN IRON &amp; STEEL,China,922,18,791,27,Basic Materials,52323,53163,3439
OTSUKA HOLDINGS,Japan,923,18,1039,20,Healthcare,33482,12286,1029
STEEL DYNAMICS,USA,924,18,1586,12,Basic Materials,12060,22260,3862
BEST BUY,USA,925,18,852,25,Consumer Cyclical,90000,46298,1419
CLP HOLDINGS,Hong Kong,926,18,834,25,Utilities,7959,10698,1081
FORMOSA PLASTICS CORPORATION,Taiwan,927,18,866,24,Basic Materials,2900,9532,2486
GULF ENERGY DEVELOPMENT PUBLIC COMPANY,Thailand,928,18,1260,16,Utilities,832,1314,212
AMCOR,Australia,929,18,1117,18,Consumer Cyclical,44000,10068,555
CATHAY FINANCIAL HOLDING,Taiwan,930,18,711,30,Financial Services,57848,20549,4610
WENS FOODSTUFF GROUP,China,931,18,1034,20,Consumer Defensive,50024,9454,-1951
POWER GRID CORPORATION OF INDIA,India,932,18,1402,14,Utilities,8536,5111,2106
VEOLIA ENVIRONNEMENT,France,933,18,818,26,Industries,179718,28500,404
QINGHAI SALT LAKE INDUSTRY,China,934,18,765,27,Basic Materials,,2151,652
EPIC Games,USA,934,,934,,Technology,6825,4200,
DIDI GLOBAL INC.,China,935,18,966,22,Technology,15914,25296,-7281
QUEST DIAGNOSTICS,USA,936,18,1079,19,Healthcare,49000,9883,942
CF INDUSTRIES HOLDINGS,USA,937,18,1365,15,Basic Materials,2700,11186,3346
WELLCARE HEALTH PLANS,USA,938,,938,,Healthcare,14000,,
CEZ A. S,Czech Republic,938,18,1031,20,Utilities,27200,9595,398
THE CLOROX COMPANY,USA,939,18,946,22,Consumer Defensive,9000,7107,462
CHONGQING CHANGAN AUTOMOBILE COMPANY,China,940,18,1103,19,Consumer Cyclical,36764,15300,517
